filename,cluster
TC-58151-Search Corporate-Addresses_1750641350194 - Copy.png,1
TC-58151-Search Corporate-Addresses_1750641350195.png,1
TC-58158-Search Corporate-Contacts_1750641559660 - Copy.png,1
TC-58158-Search Corporate-Contacts_1750641559661.png,1
TC-58162-Search Corporate-Details_1750641695592 - Copy.png,0
TC-58162-Search Corporate-Details_1750641695593.png,0
TC-58165-Search Corporate-External Rating_1750641900350.png,2
TC-58165-Search Corporate-External Rating_1750641900359 - Copy.png,2
TC-58169-Search Corporate-Internal Ratings_1750642019448 - Copy.png,1
TC-58169-Search Corporate-Internal Ratings_1750642019449.png,1
TC-58170-Search Corporate-Related Thirdparties_1750642129420 - Copy.png,4
TC-58170-Search Corporate-Related Thirdparties_1750642129421.png,4
TC-58180-Search Corporate-Shareholders_1750642258540.png,3
TC-58180-Search Corporate-Shareholders_1750642258549 - Copy.png,3
